company_name,company_id,is_top_company
101 Studios,124254,FALSE
20th Century Studios,127928,TRUE
3388 Films,,FALSE
3D Entertainment,5313,FALSE
8x Entertainment,,FALSE
A24,41077,TRUE
Aascar Film,,FALSE
Abramorama,95417,FALSE
Adlabs Films,103209,FALSE
Affirm Films,10156,FALSE
Alchemy,,FALSE
Alerion,,FALSE
Alliance Atlantis Vivafilm,,FALSE
Aloha Releasing,,FALSE
Amazon Studios,20580,TRUE
Amazon/MGM,20580,TRUE
AMC Theaters,,TRUE
Anchor Bay Films,5860,FALSE
Angel Studios,11350,FALSE
Annapurna Pictures,13184,FALSE
Arc Entertainment,23703,FALSE
Area 23a,68841,FALSE
Arenas Entertainment,,FALSE
ArtAffects Entertainment,69088,FALSE
Artisan Entertainment,2188,FALSE
Atlas Distribution Company,133462,FALSE
ATO Pictures,1962,FALSE
Avatar Films,,FALSE
Aviron Pictures,102836,FALSE
BH Tilt,73625,FALSE
Bleecker Street Media,,FALSE
Blue Fox Entertainment,104292,FALSE
Blue Sky Cinema,,FALSE
Branded/Peck Entertainment,,FALSE
Briarcliff Entertainment,191127,FALSE
Broad Green Pictures,49389,FALSE
Buena Vista International,232381,FALSE
CanZion Films,,FALSE
Capelight Pictures,14551,FALSE
Captured Light Distribution,,FALSE
Castle Hill Productions,6429,FALSE
CBS Films,5490,FALSE
Chicago Pictures,59453,FALSE
China Lion Film Distribution,,FALSE
Cho,,FALSE
Christal Films,749,FALSE
Cinedigm Entertainment Group,168122,FALSE
CineGalaxy,,FALSE
CineLife Entertainment,,FALSE
Cinelou Films,39644,FALSE
Cineverse,238902,FALSE
Cineville,2832,FALSE
Circus King Productions,,FALSE
CJ Entertainment,7036,FALSE
Clarius Entertainment,36991,FALSE
Cloud Ten Pictures,3226,FALSE
Cloudburst Entertainment,132061,FALSE
CMC Pictures,92484,FALSE
Codeblack Entertainment,35327,FALSE
Cohen Media Group,9122,FALSE
Collide Distribution,,FALSE
Columbia Pictures,5,FALSE
Counterpoint Films & Self-Realization Fellowship,,FALSE
Cowboy Pictures,220845,FALSE
Crunchyroll,98553,FALSE
CT & Co,,FALSE
D'Souza Media,107196,FALSE
Destination Films,769,FALSE
Dimension Films,7405,FALSE
Drafthouse Films,10485,FALSE
Dragon Dynasty,,FALSE
DreamWorks,7,TRUE
DreamWorks Distribution,,TRUE
Drive-in Doc Inc.,,FALSE
EchoLight Studios,39281,FALSE
Electric Entertainment,3241,FALSE
Entertainment One,8147,FALSE
Entertainment Studios Motion Pictures,97584,FALSE
eOne Entertainment,,FALSE
Equinox,,FALSE
Eros Worldwide,7142,FALSE
EuropaCorp,6896,FALSE
Excel Entertainment,2934,FALSE
Faith Media Distribution,,FALSE
Falling Forward Films,208732,FALSE
Fathom Events,,FALSE
FDN,,FALSE
Film Foundry,,FALSE
Film Movement,6685,FALSE
FilmDistrict,7263,FALSE
Fin and Fur Films,199092,FALSE
Fine Line Features,8,FALSE
FIP,7552,FALSE
First Look International,11054,FALSE
Five & Two Pictures,74406,FALSE
Flyhigh Cinemas,231422,FALSE
Focus Features,10146,TRUE
Fox Atomic,2890,FALSE
Fox Searchlight,43,FALSE
Freestyle Releasing,4616,FALSE
Friday Entertainment,,FALSE
Fun Academy Motion Pictures,,FALSE
FUNimation Entertainment,,FALSE
GathrFilms,168123,FALSE
Giant Screen Films,5576,FALSE
GKIDS,32853,FALSE
Global Road Entertainment,104972,FALSE
Global View Entertainment,,FALSE
Good Deed Entertainment,49937,FALSE
Gravitas Premiere,,FALSE
Gravitas Ventures,44632,FALSE
Great India Films,,FALSE
Greenwich Entertainment,149326,FALSE
Gunpowder & Sky,96654,FALSE
GVN Releasing,,FALSE
Hamsini Entertainment,181852,FALSE
Heliograph Productions,53559,FALSE
Hidden Empire Film Group (HEFG),,FALSE
High Top Releasing,,FALSE
Iconic Events Releasing,176703,FALSE
IDP Distribution,,FALSE
IFC Films,307,FALSE
IMAX,3447,FALSE
Independent Indian,,FALSE
IndustryWorks Pictures,24901,FALSE
Innovation Film Group (IFG),,FALSE
International Film Circuit,,FALSE
Iron,,FALSE
Janus Films,533,FALSE
Jetsen Huashi Media US,167299,FALSE
Ketchup Entertainment,39734,FALSE
Kino International,81702,FALSE
Kino Lorber,39134,FALSE
LAMA Entertainment,207280,FALSE
LD Entertainment,8533,FALSE
Lionsgate,1632,TRUE
Lionsgate Entertainment Corporation,1632,TRUE
Lot 47 Films,,FALSE
Luke Films,,FALSE
Magnolia Pictures,1030,FALSE
Manhattan Pictures,,FALSE
Manifold Productions Inc.,,FALSE
Menemsha Films,183961,FALSE
Metro-Goldwyn-Mayer (MGM),21,TRUE
MGM,136673,TRUE
Millennium Entertainment,8755,FALSE
Miramax,14,TRUE
Mirror/LD Entertainment,,FALSE
Mongrel Media,64740,FALSE
Mormon Movies,146360,FALSE
Moviegoer,,FALSE
Moviegoers,,FALSE
MUBI,204957,FALSE
Mulberry Square,,FALSE
Music Box Films,,FALSE
N Wave Pictures,,FALSE
National Geographic Entertainment,,FALSE
Neon,90733,TRUE
Netflix,178464,TRUE
New Line Cinema,12,TRUE
New Yorker Films,5448,FALSE
Newmarket Films,28,FALSE
Novus,,FALSE
Odeon,20678,FALSE
Open Road Films (II),,FALSE
Orion Pictures,41,FALSE
Oscilloscope,4748,FALSE
OTL Releasing,,FALSE
Overture Films,12807,FALSE
PackYourBag Films,,FALSE
Paladin,,FALSE
Panorama Entertainment,31734,FALSE
Pantelion Films,8573,FALSE
Paramount Classics,220287,TRUE
Paramount Pictures,4,TRUE
Paramount Pictures International,100612,TRUE
Paramount Vantage,838,FALSE
Parthenos,,FALSE
Picturehouse,52005,FALSE
Picturehouse (II),,FALSE
Power Point Films,178223,FALSE
Prathyangira Cinemas,,FALSE
Prime Media Pictures,70032,FALSE
Producers Distribution Agency,188115,FALSE
Providence Entertainment,72874,FALSE
Pryor Entertainment,136052,FALSE
Purdie Distribution,92440,FALSE
Pure Flix Entertainment,6427,FALSE
Purple,,FALSE
Quaker Media,138727,FALSE
Quality Flix,,FALSE
Quiver Distribution,202088,FALSE
R.S. Entertainment,,FALSE
RADiUS-TWC,20671,FALSE
Rainbow Releasing,64862,FALSE
Rainforest Films,211352,FALSE
Regent Releasing,30613,FALSE
Relativity Media,7295,FALSE
Reliance Big Pictures,,FALSE
Reliance Entertainment,7294,FALSE
Revolution Studios,497,FALSE
Rhythm Boyz Entertainment,89924,FALSE
Rialto Distribution,147314,FALSE
RLJE Films,123722,FALSE
Roadside Attractions,911,FALSE
Rocky Mountain Pictures,,FALSE
Rogue Pictures,134,FALSE
Roxie Releasing,,FALSE
Saban Films,76992,FALSE
Sarigama Cinemas,,FALSE
Screen Gems,3287,TRUE
Screen Media Films,6353,FALSE
Screenvision,,FALSE
SDG Releasing,,FALSE
Searchlight Pictures,127929,TRUE
Seville,,FALSE
Shadow Distribution,96693,FALSE
Shorts International,73718,FALSE
ShortsTV,,FALSE
Shout! Factory,12852,FALSE
ShowBiz Direct,,FALSE
Shudder/ IFC Films,,TRUE
Sideshow Releasing,,FALSE
SK Films,7519,FALSE
Soli Deo Gloria Releasing,202493,FALSE
Solstice Studios,52180,FALSE
Sony BMG,126029,FALSE
Sony Pictures Classics,58,TRUE
Sony Pictures Releasing,3045,TRUE
Spanglish Movies,164782,FALSE
Stage 6 Films,11341,TRUE
Story Island Entertainment,,FALSE
Strasson Group,,FALSE
Studio 18,3747,FALSE
Studio 8,77863,FALSE
STX Entertainment,,FALSE
Submarine Deluxe,125341,FALSE
Summit Entertainment,491,FALSE
Susan Tuckett Media,,FALSE
Swapna Scarecrow,208617,FALSE
Televisa Cine,,FALSE
The Avenue Entertainment,185127,FALSE
The Bigger Picture,12979,FALSE
The Film Arcade,61901,FALSE
The H Collective,116562,FALSE
The Orchard,9286,FALSE
The Samuel Goldwyn Company,,FALSE
The Weinstein Company,308,FALSE
THINKFilm,446,FALSE
Third Day Productions,,FALSE
Toho International,,FALSE
Tolly Movies,,FALSE
Trafalgar Releasing,139109,FALSE
Trimark Pictures,4063,FALSE
TriStar Pictures,559,FALSE
Triumph Releasing Corporation,,FALSE
Truly Indie,,FALSE
truTV,121893,FALSE
TSG,,FALSE
TVA,,FALSE
Twentieth Century Fox,25,TRUE
Twenty First Century Entertainment,149488,TRUE
Unison/Paladin,,FALSE
United Artists,60,FALSE
United Artists Releasing,,FALSE
Universal Home Video,3487,FALSE
Universal Pictures,33,TRUE
Universal Pictures International (UPI),5726,FALSE
UP2U Films,184416,FALSE
USA Films,987,FALSE
Utopia,18066,FALSE
UTV Motion Pictures,2320,FALSE
Variance Films,,FALSE
Vertical Entertainment,88606,FALSE
Vineyard Distribution,,FALSE
Visio Entertainment,,FALSE
Vital Pictures,104291,FALSE
Viva Pictures,1034,FALSE
Vivendi Entertainment,4575,FALSE
Walt Disney Pictures,2,TRUE
Walt Disney Studios Motion Pictures,2,TRUE
Warner Bros.,174,TRUE
Warner Independent Pictures (WIP),,FALSE
Warren Miller Entertainment,17183,FALSE
Well Go USA Entertainment,92394,FALSE
Wellspring Media,39481,FALSE
WGB.,,FALSE
Wingate Distribution,,FALSE
WinStar Cinema,,FALSE
Yari Film Group Releasing,9037,FALSE
Yash Raj Films,1569,FALSE
Yash Raj Films USA Inc.,,FALSE
Zee Studios,86347,FALSE
Zee TV,195361,FALSE
Zeitgeist Films,106082,FALSE
Zhen Pictures,,FALSE
Zion Films,127995,FALSE